query_frame_index,query_time_s,query_timecode,prediction_target,pred_latitude,pred_longitude,raw_pred_latitude,raw_pred_longitude,matched_reference_image,matched_reference_flight,matched_reference_frame_index,matched_reference_time_s,matched_reference_timecode,retrieval_distance,retrieval_similarity,selected_query_scale,orb_good_matches,homography_inliers,mean_match_distance,verification_inlier_ratio,projected_center_x,projected_center_y,projected_center_inside,homography_quad_area_frac,homography_geometry_ok,verification_geometry_reason,query_inlier_bbox_area_frac,query_inlier_bbox_width_frac,query_inlier_bbox_height_frac,reference_inlier_bbox_area_frac,reference_inlier_bbox_width_frac,reference_inlier_bbox_height_frac,temporal_filter_enabled,filter_accepted,filter_reason,filter_visual_score,filter_temporal_distance_m,filter_fused_score,truth_latitude_eval_only,truth_longitude_eval_only,error_m_eval_only,processing_time_ms,stage10_original_filter_accepted,stage10_original_filter_reason,stage10_original_pred_latitude,stage10_original_pred_longitude,stage10_seed_trusted,stage10_expected_latitude,stage10_expected_longitude,stage10_expected_method,stage10_path_window_id,stage10_local_rerun_replaced,stage10_local_rerun_score,stage10_local_rerun_dist_to_expected_m,stage10_final_source,filtered_latitude,filtered_longitude,filtered_method,debug_image,resolved_reference_image,debug_match_backend,debug_good_matches_recomputed,debug_inliers_recomputed,debug_homography_found,debug_reference_path,debug_selected_query_scale_used,debug_query_accepted_masks,debug_reference_accepted_masks
360,12.012,00:00:12.012,center,32.10512926,35.20643305,32.10512926,35.20643305,data\processed\reference_frames\DJI_0006\DJI_0006_frame_021900.jpg,DJI_0006,21900,730.730,00:12:10.730,0.476427,0.523573,0.3000,75,30,199.097,0.400000,833.591,407.819,1,2.756191,1,ok,0.051375,0.212891,0.241319,0.019806,0.115234,0.171875,0,1,accepted,5.609428,,5.609428,,,,18814.26,0,not_enough_good_matches,32.10238671,35.21011185,0,32.10629465,35.20673732,hold_next_seed,001,1,19.897146,132.717,local_path_rerun,32.10512926,35.20643305,local_path_rerun_visual,data\processed\debug_matches\DJI_0011_every45_stage10_3_FINAL_accepted_debug\feature_match_0000_query_000360_ref_DJI_0006_21900_accepted.jpg,data\processed\reference_frames\DJI_0006\DJI_0006_frame_021900.jpg,LightGlue,75,30,1,data\processed\reference_frames\DJI_0006\DJI_0006_frame_021900.jpg,0.3000,0,0
405,13.514,00:00:13.514,center,32.10512926,35.20643305,32.10512926,35.20643305,data\processed\reference_frames\DJI_0006\DJI_0006_frame_021900.jpg,DJI_0006,21900,730.730,00:12:10.730,0.478062,0.521938,0.2000,59,26,192.885,0.440678,834.330,402.224,1,0.348694,1,ok,0.018297,0.148438,0.123264,0.015154,0.106445,0.142361,0,1,accepted,5.443247,,5.443247,,,,13877.71,0,not_enough_good_matches,32.10401783,35.20971289,0,32.10629465,35.20673732,hold_next_seed,001,1,18.097266,132.717,local_path_rerun,32.10512926,35.20643305,local_path_rerun_visual,data\processed\debug_matches\DJI_0011_every45_stage10_3_FINAL_accepted_debug\feature_match_0001_query_000405_ref_DJI_0006_21900_accepted.jpg,data\processed\reference_frames\DJI_0006\DJI_0006_frame_021900.jpg,LightGlue,59,26,1,data\processed\reference_frames\DJI_0006\DJI_0006_frame_021900.jpg,0.2000,0,0
450,15.015,00:00:15.015,center,32.10512926,35.20643305,32.10512926,35.20643305,data\processed\reference_frames\DJI_0006\DJI_0006_frame_021900.jpg,DJI_0006,21900,730.730,00:12:10.730,0.477523,0.522477,0.2000,68,30,195.268,0.441176,832.427,400.145,1,0.033849,1,ok,0.017412,0.154297,0.112847,0.010783,0.103516,0.104167,0,1,accepted,5.664076,,5.664076,,,,12246.06,0,not_enough_good_matches,32.10401783,35.20971289,0,32.10629465,35.20673732,hold_next_seed,001,1,19.517501,132.717,local_path_rerun,32.10512926,35.20643305,local_path_rerun_visual,data\processed\debug_matches\DJI_0011_every45_stage10_3_FINAL_accepted_debug\feature_match_0002_query_000450_ref_DJI_0006_21900_accepted.jpg,data\processed\reference_frames\DJI_0006\DJI_0006_frame_021900.jpg,LightGlue,68,30,1,data\processed\reference_frames\DJI_0006\DJI_0006_frame_021900.jpg,0.2000,0,0
495,16.517,00:00:16.516,center,32.10512926,35.20643305,32.10512926,35.20643305,data\processed\reference_frames\DJI_0006\DJI_0006_frame_021900.jpg,DJI_0006,21900,730.730,00:12:10.730,0.480613,0.519387,0.2000,80,27,181.708,0.337500,838.190,409.400,1,0.277126,1,ok,0.030611,0.153320,0.199653,0.028212,0.125000,0.225694,0,1,accepted,5.635327,,5.635327,,,,12678.14,0,not_enough_good_matches,32.10237431,35.21014608,0,32.10629465,35.20673732,hold_next_seed,001,1,19.492941,132.717,local_path_rerun,32.10512926,35.20643305,local_path_rerun_visual,data\processed\debug_matches\DJI_0011_every45_stage10_3_FINAL_accepted_debug\feature_match_0003_query_000495_ref_DJI_0006_21900_accepted.jpg,data\processed\reference_frames\DJI_0006\DJI_0006_frame_021900.jpg,LightGlue,80,27,1,data\processed\reference_frames\DJI_0006\DJI_0006_frame_021900.jpg,0.2000,0,0
540,18.018,00:00:18.018,center,32.10512926,35.20643305,32.10512926,35.20643305,data\processed\reference_frames\DJI_0006\DJI_0006_frame_021900.jpg,DJI_0006,21900,730.730,00:12:10.730,0.414474,0.585526,0.3000,76,34,273.225,0.447368,827.807,352.562,1,4.017937,1,ok,0.063349,0.258789,0.244792,0.013204,0.128906,0.102431,0,1,accepted,4.979915,,4.979915,,,,15806.39,1,accepted,32.10319636,35.20763035,0,32.10629465,35.20673732,hold_next_seed,001,1,21.007892,132.717,local_path_rerun,32.10512926,35.20643305,local_path_rerun_visual,data\processed\debug_matches\DJI_0011_every45_stage10_3_FINAL_accepted_debug\feature_match_0004_query_000540_ref_DJI_0006_21900_accepted.jpg,data\processed\reference_frames\DJI_0006\DJI_0006_frame_021900.jpg,LightGlue,76,34,1,data\processed\reference_frames\DJI_0006\DJI_0006_frame_021900.jpg,0.3000,0,0
585,19.520,00:00:19.520,center,32.10512926,35.20643305,32.10512926,35.20643305,data\processed\reference_frames\DJI_0006\DJI_0006_frame_021900.jpg,DJI_0006,21900,730.730,00:12:10.730,0.420620,0.579380,0.3000,86,28,277.479,0.325581,816.323,335.999,1,0.319998,1,ok,0.082186,0.270508,0.303819,0.023838,0.144531,0.164931,0,1,accepted,4.568821,,4.568821,,,,12936.30,0,not_enough_inliers,32.10319636,35.20763035,0,32.10629465,35.20673732,hold_next_seed,001,1,19.719998,132.717,local_path_rerun,32.10512926,35.20643305,local_path_rerun_visual,data\processed\debug_matches\DJI_0011_every45_stage10_3_FINAL_accepted_debug\feature_match_0005_query_000585_ref_DJI_0006_21900_accepted.jpg,data\processed\reference_frames\DJI_0006\DJI_0006_frame_021900.jpg,LightGlue,86,28,1,data\processed\reference_frames\DJI_0006\DJI_0006_frame_021900.jpg,0.3000,0,0
765,25.526,00:00:25.526,center,32.10567164,35.20649869,32.10567164,35.20649869,data\processed\reference_frames\DJI_0006\DJI_0006_frame_022080.jpg,DJI_0006,22080,736.736,00:12:16.736,0.402668,0.597332,0.3000,25,10,169.791,0.400000,827.122,523.934,1,0.304953,1,ok,0.044264,0.238281,0.185764,0.006375,0.078125,0.081597,0,1,accepted,4.175477,,4.175477,,,,13995.02,0,not_enough_good_matches,32.10262518,35.20970120,0,32.10629465,35.20673732,hold_next_seed,001,1,12.544664,72.831,local_path_rerun,32.10567164,35.20649869,local_path_rerun_visual,data\processed\debug_matches\DJI_0011_every45_stage10_3_FINAL_accepted_debug\feature_match_0006_query_000765_ref_DJI_0006_22080_accepted.jpg,data\processed\reference_frames\DJI_0006\DJI_0006_frame_022080.jpg,LightGlue,25,10,1,data\processed\reference_frames\DJI_0006\DJI_0006_frame_022080.jpg,0.3000,0,0
900,30.030,00:00:30.030,center,32.10586027,35.20568619,32.10586027,35.20568619,data\processed\reference_frames\DJI_0007\DJI_0007_frame_000660.jpg,DJI_0007,660,22.022,00:00:22.022,0.370422,0.629578,0.3000,122,42,430.012,0.344262,1366.454,375.312,1,0.763733,1,ok,0.085525,0.288086,0.296875,0.052972,0.208984,0.253472,0,1,accepted,3.428317,,3.428317,,,,14308.95,0,not_enough_good_matches,32.10418442,35.20766886,0,32.10629465,35.20673732,hold_next_seed,001,1,22.247133,110.159,local_path_rerun,32.10586027,35.20568619,local_path_rerun_visual,data\processed\debug_matches\DJI_0011_every45_stage10_3_FINAL_accepted_debug\feature_match_0007_query_000900_ref_DJI_0007_660_accepted.jpg,data\processed\reference_frames\DJI_0007\DJI_0007_frame_000660.jpg,LightGlue,122,42,1,data\processed\reference_frames\DJI_0007\DJI_0007_frame_000660.jpg,0.3000,0,0
945,31.532,00:00:31.532,center,32.10603658,35.20572875,32.10603658,35.20572875,data\processed\reference_frames\DJI_0007\DJI_0007_frame_000720.jpg,DJI_0007,720,24.024,00:00:24.024,0.337006,0.662994,0.3000,124,38,383.278,0.306452,1369.193,421.257,1,3.806360,1,ok,0.044054,0.226562,0.194444,0.035945,0.186523,0.192708,0,1,accepted,3.877432,,3.877432,,,,15558.92,0,not_enough_good_matches,32.10420242,35.20777286,0,32.10629465,35.20673732,hold_next_seed,001,1,21.458248,99.236,local_path_rerun,32.10603658,35.20572875,local_path_rerun_visual,data\processed\debug_matches\DJI_0011_every45_stage10_3_FINAL_accepted_debug\feature_match_0008_query_000945_ref_DJI_0007_720_accepted.jpg,data\processed\reference_frames\DJI_0007\DJI_0007_frame_000720.jpg,LightGlue,124,38,1,data\processed\reference_frames\DJI_0007\DJI_0007_frame_000720.jpg,0.3000,0,0
990,33.033,00:00:33.033,center,32.10603658,35.20572875,32.10603658,35.20572875,data\processed\reference_frames\DJI_0007\DJI_0007_frame_000720.jpg,DJI_0007,720,24.024,00:00:24.024,0.339933,0.660067,0.3000,95,26,385.757,0.273684,1337.758,333.398,1,2.610023,1,ok,0.053538,0.270508,0.197917,0.031989,0.173828,0.184028,0,1,accepted,3.187051,,3.187051,,,,16287.32,0,not_enough_good_matches,32.10389206,35.20868100,0,32.10629465,35.20673732,hold_next_seed,001,1,19.288554,99.236,local_path_rerun,32.10603658,35.20572875,local_path_rerun_visual,data\processed\debug_matches\DJI_0011_every45_stage10_3_FINAL_accepted_debug\feature_match_0009_query_000990_ref_DJI_0007_720_accepted.jpg,data\processed\reference_frames\DJI_0007\DJI_0007_frame_000720.jpg,LightGlue,95,26,1,data\processed\reference_frames\DJI_0007\DJI_0007_frame_000720.jpg,0.3000,0,0
1170,39.039,00:00:39.039,center,32.10639016,35.20581255,32.10639016,35.20581255,data\processed\reference_frames\DJI_0007\DJI_0007_frame_000840.jpg,DJI_0007,840,28.028,00:00:28.028,0.402817,0.597183,0.3000,118,58,425.515,0.491525,1403.484,663.154,1,0.618035,1,ok,0.106689,0.333984,0.319444,0.040165,0.201172,0.199653,0,1,accepted,4.045152,,4.045152,,,,15400.90,1,accepted,32.10422042,35.20787686,0,32.10629465,35.20673732,hold_next_seed,001,1,25.585324,87.748,local_path_rerun,32.10639016,35.20581255,local_path_rerun_visual,data\processed\debug_matches\DJI_0011_every45_stage10_3_FINAL_accepted_debug\feature_match_0010_query_001170_ref_DJI_0007_840_accepted.jpg,data\processed\reference_frames\DJI_0007\DJI_0007_frame_000840.jpg,LightGlue,118,58,1,data\processed\reference_frames\DJI_0007\DJI_0007_frame_000840.jpg,0.3000,0,0
1215,40.541,00:00:40.540,center,32.10630147,35.20578789,32.10630147,35.20578789,data\processed\reference_frames\DJI_0007\DJI_0007_frame_000810.jpg,DJI_0007,810,27.027,00:00:27.027,0.384964,0.615036,0.3000,93,44,403.836,0.473118,1396.050,600.617,1,0.501119,1,ok,0.084151,0.291992,0.288194,0.030036,0.167969,0.178819,0,1,accepted,3.840963,,3.840963,,,,13290.22,0,not_enough_good_matches,32.10367246,35.20825608,0,32.10629465,35.20673732,hold_next_seed,001,1,23.195662,89.429,local_path_rerun,32.10630147,35.20578789,local_path_rerun_visual,data\processed\debug_matches\DJI_0011_every45_stage10_3_FINAL_accepted_debug\feature_match_0011_query_001215_ref_DJI_0007_810_accepted.jpg,data\processed\reference_frames\DJI_0007\DJI_0007_frame_000810.jpg,LightGlue,93,44,1,data\processed\reference_frames\DJI_0007\DJI_0007_frame_000810.jpg,0.3000,0,0
1260,42.042,00:00:42.042,center,32.10603658,35.20572875,32.10603658,35.20572875,data\processed\reference_frames\DJI_0007\DJI_0007_frame_000720.jpg,DJI_0007,720,24.024,00:00:24.024,0.428682,0.571318,0.2000,89,38,433.515,0.426966,1372.404,392.086,1,0.892282,1,ok,0.035104,0.200195,0.175347,0.025492,0.174805,0.145833,0,1,accepted,3.151444,,3.151444,,,,12770.98,1,accepted,32.10415513,35.20746031,0,32.10629465,35.20673732,hold_next_seed,001,1,21.877466,99.236,local_path_rerun,32.10603658,35.20572875,local_path_rerun_visual,data\processed\debug_matches\DJI_0011_every45_stage10_3_FINAL_accepted_debug\feature_match_0012_query_001260_ref_DJI_0007_720_accepted.jpg,data\processed\reference_frames\DJI_0007\DJI_0007_frame_000720.jpg,LightGlue,89,38,1,data\processed\reference_frames\DJI_0007\DJI_0007_frame_000720.jpg,0.2000,0,0
1575,52.553,00:00:52.552,center,32.10630193,35.20662529,32.10630193,35.20662529,data\processed\reference_frames\DJI_0006\DJI_0006_frame_022980.jpg,DJI_0006,22980,766.766,00:12:46.766,0.417081,0.582919,0.2000,32,10,283.608,0.312500,684.636,464.675,1,0.041723,1,ok,0.013429,0.086914,0.154514,0.012665,0.087891,0.144097,0,1,accepted,2.734826,,2.734826,,,,12341.09,0,not_enough_good_matches,32.10236960,35.21016319,0,32.10629465,35.20673732,hold_next_seed,001,1,12.661671,10.583,local_path_rerun,32.10630193,35.20662529,local_path_rerun_visual,data\processed\debug_matches\DJI_0011_every45_stage10_3_FINAL_accepted_debug\feature_match_0013_query_001575_ref_DJI_0006_22980_accepted.jpg,data\processed\reference_frames\DJI_0006\DJI_0006_frame_022980.jpg,LightGlue,32,10,1,data\processed\reference_frames\DJI_0006\DJI_0006_frame_022980.jpg,0.2000,0,0
1710,57.057,00:00:57.057,center,32.10629465,35.20673732,32.10629465,35.20673732,data\processed\reference_frames\DJI_0006\DJI_0006_frame_022950.jpg,DJI_0006,22950,765.765,00:12:45.765,0.402911,0.597089,0.3000,30,10,418.251,0.333333,686.222,318.827,1,0.720275,1,ok,0.042908,0.216797,0.197917,0.037526,0.116211,0.322917,0,1,accepted,1.065276,,1.065276,,,,9483.48,1,accepted,32.10629465,35.20673732,1,32.10629465,35.20673732,seed_anchor,,0,,,seed_anchor_keep_original,32.10629465,35.20673732,seed_anchor_visual,data\processed\debug_matches\DJI_0011_every45_stage10_3_FINAL_accepted_debug\feature_match_0014_query_001710_ref_DJI_0006_22950_accepted.jpg,data\processed\reference_frames\DJI_0006\DJI_0006_frame_022950.jpg,LightGlue,30,10,1,data\processed\reference_frames\DJI_0006\DJI_0006_frame_022950.jpg,0.3000,0,0
1800,60.060,00:01:00.060,center,32.10629465,35.20673732,32.10629465,35.20673732,data\processed\reference_frames\DJI_0006\DJI_0006_frame_022950.jpg,DJI_0006,22950,765.765,00:12:45.765,0.369674,0.630326,0.3000,49,15,329.549,0.306122,650.496,417.005,1,0.544719,1,ok,0.066279,0.243164,0.272569,0.023926,0.123047,0.194444,0,1,accepted,2.897556,,2.897556,,,,7722.13,1,accepted,32.10629465,35.20673732,1,32.10629465,35.20673732,seed_anchor,,0,,,seed_anchor_keep_original,32.10629465,35.20673732,seed_anchor_visual,data\processed\debug_matches\DJI_0011_every45_stage10_3_FINAL_accepted_debug\feature_match_0015_query_001800_ref_DJI_0006_22950_accepted.jpg,data\processed\reference_frames\DJI_0006\DJI_0006_frame_022950.jpg,LightGlue,49,15,1,data\processed\reference_frames\DJI_0006\DJI_0006_frame_022950.jpg,0.3000,0,0
1845,61.562,00:01:01.562,center,32.10632476,35.20681688,32.10632476,35.20681688,data\processed\reference_frames\DJI_0006\DJI_0006_frame_022920.jpg,DJI_0006,22920,764.764,00:12:44.764,0.398589,0.601411,0.3000,55,14,345.925,0.254545,672.820,343.786,1,0.390615,1,ok,0.024116,0.248047,0.097222,0.015930,0.169922,0.093750,0,1,accepted,2.560451,,2.560451,,,,12814.49,0,weak_inlier_ratio,32.10629465,35.20673732,0,32.10627258,35.20676954,interpolate_seed_anchors,001,1,14.992214,7.318,local_path_rerun,32.10632476,35.20681688,local_path_rerun_visual,data\processed\debug_matches\DJI_0011_every45_stage10_3_FINAL_accepted_debug\feature_match_0016_query_001845_ref_DJI_0006_22920_accepted.jpg,data\processed\reference_frames\DJI_0006\DJI_0006_frame_022920.jpg,LightGlue,55,14,1,data\processed\reference_frames\DJI_0006\DJI_0006_frame_022920.jpg,0.3000,0,0
1935,64.564,00:01:04.564,center,32.10622848,35.20683395,32.10622848,35.20683395,data\processed\reference_frames\DJI_0008\DJI_0008_frame_007650.jpg,DJI_0008,7650,255.255,00:04:15.255,0.365604,0.634396,0.2000,69,18,470.706,0.260870,483.562,510.963,1,1.958103,1,ok,0.030002,0.154297,0.194444,0.026718,0.149414,0.178819,0,1,accepted,1.464410,,1.464410,,,,8330.09,1,accepted,32.10622848,35.20683395,1,32.10622848,35.20683395,seed_anchor,,0,,,seed_anchor_keep_original,32.10622848,35.20683395,seed_anchor_visual,data\processed\debug_matches\DJI_0011_every45_stage10_3_FINAL_accepted_debug\feature_match_0017_query_001935_ref_DJI_0008_7650_accepted.jpg,data\processed\reference_frames\DJI_0008\DJI_0008_frame_007650.jpg,LightGlue,69,18,1,data\processed\reference_frames\DJI_0008\DJI_0008_frame_007650.jpg,0.2000,0,0
1980,66.066,00:01:06.066,center,32.10570896,35.20741207,32.10570896,35.20741207,data\processed\reference_frames\DJI_0006\DJI_0006_frame_019620.jpg,DJI_0006,19620,654.654,00:10:54.654,0.359988,0.640012,0.3000,43,11,355.509,0.255814,1161.531,119.133,1,0.003070,1,ok,0.011464,0.143555,0.079861,0.009428,0.081055,0.116319,0,1,accepted,2.074924,,2.074924,,,,7720.16,1,accepted,32.10570896,35.20741207,1,32.10570896,35.20741207,seed_anchor,,0,,,seed_anchor_keep_original,32.10570896,35.20741207,seed_anchor_visual,data\processed\debug_matches\DJI_0011_every45_stage10_3_FINAL_accepted_debug\feature_match_0018_query_001980_ref_DJI_0006_19620_accepted.jpg,data\processed\reference_frames\DJI_0006\DJI_0006_frame_019620.jpg,LightGlue,43,11,1,data\processed\reference_frames\DJI_0006\DJI_0006_frame_019620.jpg,0.3000,0,0
2025,67.567,00:01:07.568,center,32.10570896,35.20741207,32.10570896,35.20741207,data\processed\reference_frames\DJI_0006\DJI_0006_frame_019620.jpg,DJI_0006,19620,654.654,00:10:54.654,0.348346,0.651654,0.3000,59,15,348.979,0.254237,1101.760,260.382,1,0.441784,1,ok,0.024677,0.200195,0.123264,0.011563,0.121094,0.095486,0,1,accepted,2.695325,,2.695325,,,,7422.15,1,accepted,32.10570896,35.20741207,1,32.10570896,35.20741207,seed_anchor,,0,,,seed_anchor_keep_original,32.10570896,35.20741207,seed_anchor_visual,data\processed\debug_matches\DJI_0011_every45_stage10_3_FINAL_accepted_debug\feature_match_0019_query_002025_ref_DJI_0006_19620_accepted.jpg,data\processed\reference_frames\DJI_0006\DJI_0006_frame_019620.jpg,LightGlue,59,15,1,data\processed\reference_frames\DJI_0006\DJI_0006_frame_019620.jpg,0.3000,0,0
2115,70.570,00:01:10.570,center,32.10577196,35.20760907,32.10577196,35.20760907,data\processed\reference_frames\DJI_0006\DJI_0006_frame_019560.jpg,DJI_0006,19560,652.652,00:10:52.652,0.379807,0.620193,0.2000,69,19,381.197,0.275362,1050.240,197.109,1,0.830289,1,ok,0.026048,0.163086,0.159722,0.018438,0.122070,0.151042,0,1,accepted,2.655020,,2.655020,,,,12028.86,1,accepted,32.10577196,35.20760907,1,32.10577196,35.20760907,seed_anchor,,0,,,seed_anchor_keep_original,32.10577196,35.20760907,seed_anchor_visual,data\processed\debug_matches\DJI_0011_every45_stage10_3_FINAL_accepted_debug\feature_match_0020_query_002115_ref_DJI_0006_19560_accepted.jpg,data\processed\reference_frames\DJI_0006\DJI_0006_frame_019560.jpg,LightGlue,69,19,1,data\processed\reference_frames\DJI_0006\DJI_0006_frame_019560.jpg,0.2000,0,0
2160,72.072,00:01:12.072,center,32.10577196,35.20760907,32.10577196,35.20760907,data\processed\reference_frames\DJI_0006\DJI_0006_frame_019560.jpg,DJI_0006,19560,652.652,00:10:52.652,0.414725,0.585275,0.2000,57,23,383.779,0.403509,1046.102,196.209,1,1.130874,1,ok,0.022583,0.144531,0.156250,0.018311,0.105469,0.173611,0,1,accepted,2.906018,,2.906018,,,,8057.88,1,accepted,32.10577196,35.20760907,1,32.10577196,35.20760907,seed_anchor,,0,,,seed_anchor_keep_original,32.10577196,35.20760907,seed_anchor_visual,data\processed\debug_matches\DJI_0011_every45_stage10_3_FINAL_accepted_debug\feature_match_0021_query_002160_ref_DJI_0006_19560_accepted.jpg,data\processed\reference_frames\DJI_0006\DJI_0006_frame_019560.jpg,LightGlue,57,23,1,data\processed\reference_frames\DJI_0006\DJI_0006_frame_019560.jpg,0.2000,0,0
2205,73.573,00:01:13.574,center,32.10570896,35.20741207,32.10570896,35.20741207,data\processed\reference_frames\DJI_0006\DJI_0006_frame_019620.jpg,DJI_0006,19620,654.654,00:10:54.654,0.373450,0.626550,0.3000,24,10,291.804,0.416667,1057.876,309.408,1,0.646727,1,ok,0.039429,0.166992,0.236111,0.013394,0.077148,0.173611,0,1,accepted,2.685635,,2.685635,,,,6614.24,1,accepted,32.10570896,35.20741207,1,32.10570896,35.20741207,seed_anchor,,0,,,seed_anchor_keep_original,32.10570896,35.20741207,seed_anchor_visual,data\processed\debug_matches\DJI_0011_every45_stage10_3_FINAL_accepted_debug\feature_match_0022_query_002205_ref_DJI_0006_19620_accepted.jpg,data\processed\reference_frames\DJI_0006\DJI_0006_frame_019620.jpg,LightGlue,24,10,1,data\processed\reference_frames\DJI_0006\DJI_0006_frame_019620.jpg,0.3000,0,0
2250,75.075,00:01:15.075,center,32.10570896,35.20741207,32.10570896,35.20741207,data\processed\reference_frames\DJI_0006\DJI_0006_frame_019620.jpg,DJI_0006,19620,654.654,00:10:54.654,0.355413,0.644587,0.2000,78,27,281.170,0.346154,1047.451,296.627,1,2.023522,1,ok,0.029653,0.161133,0.184028,0.016937,0.131836,0.128472,0,1,accepted,4.529346,,4.529346,,,,7587.83,1,accepted,32.10570896,35.20741207,1,32.10570896,35.20741207,seed_anchor,,0,,,seed_anchor_keep_original,32.10570896,35.20741207,seed_anchor_visual,data\processed\debug_matches\DJI_0011_every45_stage10_3_FINAL_accepted_debug\feature_match_0023_query_002250_ref_DJI_0006_19620_accepted.jpg,data\processed\reference_frames\DJI_0006\DJI_0006_frame_019620.jpg,LightGlue,78,27,1,data\processed\reference_frames\DJI_0006\DJI_0006_frame_019620.jpg,0.2000,0,0
2295,76.576,00:01:16.576,center,32.10573289,35.20751367,32.10573289,35.20751367,data\processed\reference_frames\DJI_0006\DJI_0006_frame_019590.jpg,DJI_0006,19590,653.653,00:10:53.653,0.313332,0.686668,0.2000,70,20,333.734,0.285714,1032.930,234.405,1,0.868856,1,ok,0.037613,0.141602,0.265625,0.027205,0.110352,0.246528,0,1,accepted,3.406619,,3.406619,,,,7042.57,1,accepted,32.10573289,35.20751367,1,32.10573289,35.20751367,seed_anchor,,0,,,seed_anchor_keep_original,32.10573289,35.20751367,seed_anchor_visual,data\processed\debug_matches\DJI_0011_every45_stage10_3_FINAL_accepted_debug\feature_match_0024_query_002295_ref_DJI_0006_19590_accepted.jpg,data\processed\reference_frames\DJI_0006\DJI_0006_frame_019590.jpg,LightGlue,70,20,1,data\processed\reference_frames\DJI_0006\DJI_0006_frame_019590.jpg,0.2000,0,0
2475,82.582,00:01:22.582,center,32.10512926,35.20643305,32.10512926,35.20643305,data\processed\reference_frames\DJI_0006\DJI_0006_frame_021900.jpg,DJI_0006,21900,730.730,00:12:10.730,0.441654,0.558346,0.2000,79,30,207.961,0.379747,943.088,335.689,1,0.235203,1,ok,0.023593,0.191406,0.123264,0.018082,0.131836,0.137153,0,1,accepted,5.534646,,5.534646,,,,21124.76,0,homography_not_found,32.10371840,35.20939720,0,32.10584524,35.20735840,interpolate_seed_anchors,002,1,20.198760,118.046,local_path_rerun,32.10512926,35.20643305,local_path_rerun_visual,data\processed\debug_matches\DJI_0011_every45_stage10_3_FINAL_accepted_debug\feature_match_0025_query_002475_ref_DJI_0006_21900_accepted.jpg,data\processed\reference_frames\DJI_0006\DJI_0006_frame_021900.jpg,LightGlue,79,30,1,data\processed\reference_frames\DJI_0006\DJI_0006_frame_021900.jpg,0.2000,0,0
2565,85.585,00:01:25.586,center,32.10521268,35.20645991,32.10521268,35.20645991,data\processed\reference_frames\DJI_0006\DJI_0006_frame_021930.jpg,DJI_0006,21930,731.731,00:12:11.731,0.428957,0.571043,0.3000,81,23,225.591,0.283951,804.891,424.112,1,0.295281,1,ok,0.037882,0.191406,0.197917,0.010997,0.091797,0.119792,0,1,accepted,4.874090,,4.874090,,,,14544.49,0,not_enough_good_matches,32.10229060,35.21039519,0,32.10590142,35.20728076,interpolate_seed_anchors,002,1,18.661841,108.825,local_path_rerun,32.10521268,35.20645991,local_path_rerun_visual,data\processed\debug_matches\DJI_0011_every45_stage10_3_FINAL_accepted_debug\feature_match_0026_query_002565_ref_DJI_0006_21930_accepted.jpg,data\processed\reference_frames\DJI_0006\DJI_0006_frame_021930.jpg,LightGlue,81,23,1,data\processed\reference_frames\DJI_0006\DJI_0006_frame_021930.jpg,0.3000,0,0
2610,87.087,00:01:27.087,center,32.10512926,35.20643305,32.10512926,35.20643305,data\processed\reference_frames\DJI_0006\DJI_0006_frame_021900.jpg,DJI_0006,21900,730.730,00:12:10.730,0.446966,0.553034,0.3000,72,28,227.224,0.388889,809.311,380.976,1,0.428065,1,ok,0.030199,0.142578,0.211806,0.013675,0.106445,0.128472,0,1,accepted,5.168204,,5.168204,,,,16431.37,0,homography_not_found,32.10401783,35.20971289,0,32.10592952,35.20724193,interpolate_seed_anchors,002,1,19.317180,117.145,local_path_rerun,32.10512926,35.20643305,local_path_rerun_visual,data\processed\debug_matches\DJI_0011_every45_stage10_3_FINAL_accepted_debug\feature_match_0027_query_002610_ref_DJI_0006_21900_accepted.jpg,data\processed\reference_frames\DJI_0006\DJI_0006_frame_021900.jpg,LightGlue,72,28,1,data\processed\reference_frames\DJI_0006\DJI_0006_frame_021900.jpg,0.3000,0,0
3105,103.603,00:01:43.604,center,32.10629465,35.20673732,32.10629465,35.20673732,data\processed\reference_frames\DJI_0006\DJI_0006_frame_022950.jpg,DJI_0006,22950,765.765,00:12:45.765,0.292851,0.707149,0.3000,48,16,228.031,0.333333,852.008,305.871,1,0.847142,1,ok,0.021681,0.135742,0.159722,0.012012,0.063477,0.189236,0,1,accepted,4.357796,,4.357796,,,,15001.16,0,not_enough_good_matches,32.10258647,35.20934118,0,32.10623847,35.20681495,interpolate_seed_anchors,002,1,15.347630,9.617,local_path_rerun,32.10629465,35.20673732,local_path_rerun_visual,data\processed\debug_matches\DJI_0011_every45_stage10_3_FINAL_accepted_debug\feature_match_0028_query_003105_ref_DJI_0006_22950_accepted.jpg,data\processed\reference_frames\DJI_0006\DJI_0006_frame_022950.jpg,LightGlue,48,16,1,data\processed\reference_frames\DJI_0006\DJI_0006_frame_022950.jpg,0.3000,0,0
3150,105.105,00:01:45.105,center,32.10629465,35.20673732,32.10629465,35.20673732,data\processed\reference_frames\DJI_0006\DJI_0006_frame_022950.jpg,DJI_0006,22950,765.765,00:12:45.765,0.288080,0.711920,0.2000,93,27,240.291,0.290323,837.896,333.545,1,4.003378,1,ok,0.028030,0.163086,0.171875,0.041621,0.163086,0.255208,0,1,accepted,5.122834,,5.122834,,,,13804.53,0,bad_homography_geometry,32.10630193,35.20662529,0,32.10626657,35.20677612,interpolate_seed_anchors,002,1,19.642122,4.807,local_path_rerun,32.10629465,35.20673732,local_path_rerun_visual,data\processed\debug_matches\DJI_0011_every45_stage10_3_FINAL_accepted_debug\feature_match_0029_query_003150_ref_DJI_0006_22950_accepted.jpg,data\processed\reference_frames\DJI_0006\DJI_0006_frame_022950.jpg,LightGlue,93,27,1,data\processed\reference_frames\DJI_0006\DJI_0006_frame_022950.jpg,0.2000,0,0
3195,106.606,00:01:46.606,center,32.10629465,35.20673732,32.10629465,35.20673732,data\processed\reference_frames\DJI_0006\DJI_0006_frame_022950.jpg,DJI_0006,22950,765.765,00:12:45.765,0.282556,0.717444,0.2000,91,28,292.077,0.307692,739.825,359.278,1,1.548155,1,ok,0.027995,0.187500,0.149306,0.043864,0.191406,0.229167,0,1,accepted,4.540992,,4.540992,,,,7332.74,1,accepted,32.10629465,35.20673732,1,32.10629465,35.20673732,seed_anchor,,0,,,seed_anchor_keep_original,32.10629465,35.20673732,seed_anchor_visual,data\processed\debug_matches\DJI_0011_every45_stage10_3_FINAL_accepted_debug\feature_match_0030_query_003195_ref_DJI_0006_22950_accepted.jpg,data\processed\reference_frames\DJI_0006\DJI_0006_frame_022950.jpg,LightGlue,91,28,1,data\processed\reference_frames\DJI_0006\DJI_0006_frame_022950.jpg,0.2000,0,0
3285,109.609,00:01:49.610,center,32.10563987,35.20721578,32.10563987,35.20721578,data\processed\reference_frames\DJI_0006\DJI_0006_frame_019680.jpg,DJI_0006,19680,656.656,00:10:56.656,0.285384,0.714616,0.3000,95,24,266.100,0.252632,1179.989,405.372,1,0.897225,1,ok,0.079027,0.264648,0.298611,0.041835,0.170898,0.244792,0,1,accepted,4.612553,,4.612553,,,,7172.74,1,accepted,32.10563987,35.20721578,1,32.10563987,35.20721578,seed_anchor,,0,,,seed_anchor_keep_original,32.10563987,35.20721578,seed_anchor_visual,data\processed\debug_matches\DJI_0011_every45_stage10_3_FINAL_accepted_debug\feature_match_0031_query_003285_ref_DJI_0006_19680_accepted.jpg,data\processed\reference_frames\DJI_0006\DJI_0006_frame_019680.jpg,LightGlue,95,24,1,data\processed\reference_frames\DJI_0006\DJI_0006_frame_019680.jpg,0.3000,0,0
3330,111.111,00:01:51.111,center,32.10573289,35.20751367,32.10573289,35.20751367,data\processed\reference_frames\DJI_0006\DJI_0006_frame_019590.jpg,DJI_0006,19590,653.653,00:10:53.653,0.271208,0.728792,0.2000,82,26,369.039,0.317073,1169.803,233.951,1,1.053150,1,ok,0.020981,0.122070,0.171875,0.018989,0.109375,0.173611,0,1,accepted,3.460388,,3.460388,,,,7249.65,1,accepted,32.10573289,35.20751367,1,32.10573289,35.20751367,seed_anchor,,0,,,seed_anchor_keep_original,32.10573289,35.20751367,seed_anchor_visual,data\processed\debug_matches\DJI_0011_every45_stage10_3_FINAL_accepted_debug\feature_match_0032_query_003330_ref_DJI_0006_19590_accepted.jpg,data\processed\reference_frames\DJI_0006\DJI_0006_frame_019590.jpg,LightGlue,82,26,1,data\processed\reference_frames\DJI_0006\DJI_0006_frame_019590.jpg,0.2000,0,0
3375,112.612,00:01:52.612,center,32.10570896,35.20741207,32.10570896,35.20741207,data\processed\reference_frames\DJI_0006\DJI_0006_frame_019620.jpg,DJI_0006,19620,654.654,00:10:54.654,0.297527,0.702473,0.3000,82,29,316.063,0.353659,1080.947,269.388,1,0.734240,1,ok,0.073151,0.298828,0.244792,0.034559,0.177734,0.194444,0,1,accepted,4.281602,,4.281602,,,,8164.72,1,accepted,32.10570896,35.20741207,1,32.10570896,35.20741207,seed_anchor,,0,,,seed_anchor_keep_original,32.10570896,35.20741207,seed_anchor_visual,data\processed\debug_matches\DJI_0011_every45_stage10_3_FINAL_accepted_debug\feature_match_0033_query_003375_ref_DJI_0006_19620_accepted.jpg,data\processed\reference_frames\DJI_0006\DJI_0006_frame_019620.jpg,LightGlue,82,29,1,data\processed\reference_frames\DJI_0006\DJI_0006_frame_019620.jpg,0.3000,0,0
3510,117.117,00:01:57.117,center,32.10512926,35.20643305,32.10512926,35.20643305,data\processed\reference_frames\DJI_0006\DJI_0006_frame_021900.jpg,DJI_0006,21900,730.730,00:12:10.730,0.337011,0.662989,0.3000,94,25,275.560,0.265957,1014.337,284.082,1,0.153290,1,ok,0.050741,0.251953,0.201389,0.032740,0.153320,0.213542,0,1,accepted,4.502413,,4.502413,,,,11981.59,0,not_enough_good_matches,32.10368041,35.20836047,0,32.10581878,35.20728555,interpolate_seed_anchors,002,1,19.089096,111.023,local_path_rerun,32.10512926,35.20643305,local_path_rerun_visual,data\processed\debug_matches\DJI_0011_every45_stage10_3_FINAL_accepted_debug\feature_match_0034_query_003510_ref_DJI_0006_21900_accepted.jpg,data\processed\reference_frames\DJI_0006\DJI_0006_frame_021900.jpg,LightGlue,94,25,1,data\processed\reference_frames\DJI_0006\DJI_0006_frame_021900.jpg,0.3000,0,0
3600,120.120,00:02:00.120,center,32.10512926,35.20643305,32.10512926,35.20643305,data\processed\reference_frames\DJI_0006\DJI_0006_frame_021900.jpg,DJI_0006,21900,730.730,00:12:10.730,0.405367,0.594633,0.3000,108,39,222.984,0.361111,848.132,345.018,1,0.100405,1,ok,0.031901,0.218750,0.145833,0.020142,0.117188,0.171875,0,1,accepted,5.846783,,5.846783,,,,12093.52,0,not_enough_good_matches,32.10386606,35.20878300,0,32.10589199,35.20720121,interpolate_seed_anchors,002,1,21.761488,111.481,local_path_rerun,32.10512926,35.20643305,local_path_rerun_visual,data\processed\debug_matches\DJI_0011_every45_stage10_3_FINAL_accepted_debug\feature_match_0035_query_003600_ref_DJI_0006_21900_accepted.jpg,data\processed\reference_frames\DJI_0006\DJI_0006_frame_021900.jpg,LightGlue,108,39,1,data\processed\reference_frames\DJI_0006\DJI_0006_frame_021900.jpg,0.3000,0,0
3645,121.621,00:02:01.622,center,32.10512926,35.20643305,32.10512926,35.20643305,data\processed\reference_frames\DJI_0006\DJI_0006_frame_021900.jpg,DJI_0006,21900,730.730,00:12:10.730,0.351929,0.648071,0.3000,144,40,214.986,0.277778,821.577,366.730,1,0.703575,1,ok,0.055559,0.220703,0.251736,0.030862,0.163086,0.189236,0,1,accepted,6.063133,,6.063133,,,,11856.58,0,not_enough_good_matches,32.10256871,35.20907226,0,32.10592858,35.20715905,interpolate_seed_anchors,002,1,21.618365,112.142,local_path_rerun,32.10512926,35.20643305,local_path_rerun_visual,data\processed\debug_matches\DJI_0011_every45_stage10_3_FINAL_accepted_debug\feature_match_0036_query_003645_ref_DJI_0006_21900_accepted.jpg,data\processed\reference_frames\DJI_0006\DJI_0006_frame_021900.jpg,LightGlue,144,40,1,data\processed\reference_frames\DJI_0006\DJI_0006_frame_021900.jpg,0.3000,0,0
4050,135.135,00:02:15.135,center,32.10629465,35.20673732,32.10629465,35.20673732,data\processed\reference_frames\DJI_0006\DJI_0006_frame_022950.jpg,DJI_0006,22950,765.765,00:12:45.765,0.315946,0.684054,0.3000,58,17,260.543,0.293103,840.798,335.152,1,1.153061,1,ok,0.031047,0.164062,0.189236,0.018053,0.085938,0.210069,0,1,accepted,4.036448,,4.036448,,,,12656.33,0,not_enough_good_matches,32.10229060,35.21039519,0,32.10625803,35.20677950,interpolate_seed_anchors,002,1,16.100290,5.689,local_path_rerun,32.10629465,35.20673732,local_path_rerun_visual,data\processed\debug_matches\DJI_0011_every45_stage10_3_FINAL_accepted_debug\feature_match_0037_query_004050_ref_DJI_0006_22950_accepted.jpg,data\processed\reference_frames\DJI_0006\DJI_0006_frame_022950.jpg,LightGlue,58,17,1,data\processed\reference_frames\DJI_0006\DJI_0006_frame_022950.jpg,0.3000,0,0
4095,136.637,00:02:16.636,center,32.10629465,35.20673732,32.10629465,35.20673732,data\processed\reference_frames\DJI_0006\DJI_0006_frame_022950.jpg,DJI_0006,22950,765.765,00:12:45.765,0.303329,0.696671,0.3000,62,19,281.517,0.306452,786.777,365.069,1,2.686970,1,ok,0.040949,0.243164,0.168403,0.032281,0.156250,0.206597,0,1,accepted,3.976590,,3.976590,,,,8765.94,1,accepted,32.10629465,35.20673732,1,32.10629465,35.20673732,seed_anchor,,0,,,seed_anchor_keep_original,32.10629465,35.20673732,seed_anchor_visual,data\processed\debug_matches\DJI_0011_every45_stage10_3_FINAL_accepted_debug\feature_match_0038_query_004095_ref_DJI_0006_22950_accepted.jpg,data\processed\reference_frames\DJI_0006\DJI_0006_frame_022950.jpg,LightGlue,62,19,1,data\processed\reference_frames\DJI_0006\DJI_0006_frame_022950.jpg,0.3000,0,0
4140,138.138,00:02:18.138,center,32.10632476,35.20681688,32.10632476,35.20681688,data\processed\reference_frames\DJI_0006\DJI_0006_frame_022920.jpg,DJI_0006,22920,764.764,00:12:44.764,0.317882,0.682118,0.2000,104,36,316.289,0.346154,711.258,341.129,1,3.000483,1,ok,0.034251,0.177734,0.192708,0.040995,0.152344,0.269097,0,1,accepted,4.635930,,4.635930,,,,7311.89,1,accepted,32.10632476,35.20681688,1,32.10632476,35.20681688,seed_anchor,,0,,,seed_anchor_keep_original,32.10632476,35.20681688,seed_anchor_visual,data\processed\debug_matches\DJI_0011_every45_stage10_3_FINAL_accepted_debug\feature_match_0039_query_004140_ref_DJI_0006_22920_accepted.jpg,data\processed\reference_frames\DJI_0006\DJI_0006_frame_022920.jpg,LightGlue,104,36,1,data\processed\reference_frames\DJI_0006\DJI_0006_frame_022920.jpg,0.2000,0,0
4185,139.639,00:02:19.640,center,32.10612970,35.20714085,32.10612970,35.20714085,data\processed\reference_frames\DJI_0008\DJI_0008_frame_007620.jpg,DJI_0008,7620,254.254,00:04:14.254,0.293316,0.706684,0.2000,95,29,189.885,0.305263,930.928,358.634,1,2.002067,1,ok,0.035044,0.190430,0.184028,0.041989,0.198242,0.211806,0,1,accepted,5.868439,,5.868439,,,,13153.89,0,weak_inlier_ratio,32.10570896,35.20741207,0,32.10598243,35.20701626,interpolate_seed_anchors,002,1,20.039683,20.146,local_path_rerun,32.10612970,35.20714085,local_path_rerun_visual,data\processed\debug_matches\DJI_0011_every45_stage10_3_FINAL_accepted_debug\feature_match_0040_query_004185_ref_DJI_0008_7620_accepted.jpg,data\processed\reference_frames\DJI_0008\DJI_0008_frame_007620.jpg,LightGlue,95,29,1,data\processed\reference_frames\DJI_0008\DJI_0008_frame_007620.jpg,0.2000,0,0
4230,141.141,00:02:21.141,center,32.10563987,35.20721578,32.10563987,35.20721578,data\processed\reference_frames\DJI_0006\DJI_0006_frame_019680.jpg,DJI_0006,19680,656.656,00:10:56.656,0.297703,0.702297,0.3000,105,35,221.519,0.333333,1141.684,428.234,1,0.571265,1,ok,0.072005,0.267578,0.269097,0.040812,0.199219,0.204861,0,1,accepted,5.794008,,5.794008,,,,7248.31,1,accepted,32.10563987,35.20721578,1,32.10563987,35.20721578,seed_anchor,,0,,,seed_anchor_keep_original,32.10563987,35.20721578,seed_anchor_visual,data\processed\debug_matches\DJI_0011_every45_stage10_3_FINAL_accepted_debug\feature_match_0041_query_004230_ref_DJI_0006_19680_accepted.jpg,data\processed\reference_frames\DJI_0006\DJI_0006_frame_019680.jpg,LightGlue,105,35,1,data\processed\reference_frames\DJI_0006\DJI_0006_frame_019680.jpg,0.3000,0,0
4275,142.643,00:02:22.642,center,32.10573289,35.20751367,32.10573289,35.20751367,data\processed\reference_frames\DJI_0006\DJI_0006_frame_019590.jpg,DJI_0006,19590,653.653,00:10:53.653,0.278356,0.721644,0.3000,76,29,357.662,0.381579,1096.149,234.980,1,0.693399,1,ok,0.061462,0.207031,0.296875,0.030863,0.144531,0.213542,0,1,accepted,3.783831,,3.783831,,,,8414.16,1,accepted,32.10573289,35.20751367,1,32.10573289,35.20751367,seed_anchor,,0,,,seed_anchor_keep_original,32.10573289,35.20751367,seed_anchor_visual,data\processed\debug_matches\DJI_0011_every45_stage10_3_FINAL_accepted_debug\feature_match_0042_query_004275_ref_DJI_0006_19590_accepted.jpg,data\processed\reference_frames\DJI_0006\DJI_0006_frame_019590.jpg,LightGlue,76,29,1,data\processed\reference_frames\DJI_0006\DJI_0006_frame_019590.jpg,0.3000,0,0
4320,144.144,00:02:24.144,center,32.10570896,35.20741207,32.10570896,35.20741207,data\processed\reference_frames\DJI_0006\DJI_0006_frame_019620.jpg,DJI_0006,19620,654.654,00:10:54.654,0.334624,0.665376,0.3000,88,29,308.760,0.329545,1030.369,265.745,1,0.553322,1,ok,0.065748,0.270508,0.243056,0.031311,0.166992,0.187500,0,1,accepted,4.333343,,4.333343,,,,8790.63,1,accepted,32.10570896,35.20741207,1,32.10570896,35.20741207,seed_anchor,,0,,,seed_anchor_keep_original,32.10570896,35.20741207,seed_anchor_visual,data\processed\debug_matches\DJI_0011_every45_stage10_3_FINAL_accepted_debug\feature_match_0043_query_004320_ref_DJI_0006_19620_accepted.jpg,data\processed\reference_frames\DJI_0006\DJI_0006_frame_019620.jpg,LightGlue,88,29,1,data\processed\reference_frames\DJI_0006\DJI_0006_frame_019620.jpg,0.3000,0,0
4365,145.645,00:02:25.646,center,32.10577196,35.20760907,32.10577196,35.20760907,data\processed\reference_frames\DJI_0006\DJI_0006_frame_019560.jpg,DJI_0006,19560,652.652,00:10:52.652,0.346064,0.653936,0.2000,52,17,421.658,0.326923,1041.787,112.838,1,1.168388,1,ok,0.017654,0.114258,0.154514,0.018684,0.092773,0.201389,0,1,accepted,1.983389,,1.983389,,,,6833.37,1,accepted,32.10577196,35.20760907,1,32.10577196,35.20760907,seed_anchor,,0,,,seed_anchor_keep_original,32.10577196,35.20760907,seed_anchor_visual,data\processed\debug_matches\DJI_0011_every45_stage10_3_FINAL_accepted_debug\feature_match_0044_query_004365_ref_DJI_0006_19560_accepted.jpg,data\processed\reference_frames\DJI_0006\DJI_0006_frame_019560.jpg,LightGlue,52,17,1,data\processed\reference_frames\DJI_0006\DJI_0006_frame_019560.jpg,0.2000,0,0
5355,178.679,00:02:58.678,center,32.10588889,35.20800567,32.10588889,35.20800567,data\processed\reference_frames\DJI_0006\DJI_0006_frame_019440.jpg,DJI_0006,19440,648.648,00:10:48.648,0.274347,0.725653,0.2000,37,12,464.303,0.324324,1143.582,209.129,1,0.125396,1,ok,0.013387,0.082031,0.163194,0.011351,0.063477,0.178819,0,1,accepted,0.936932,,0.936932,,,,15177.06,0,not_enough_good_matches,32.10551049,35.21026805,0,32.10577196,35.20760907,interpolate_seed_anchors,003,1,13.756259,39.554,local_path_rerun,32.10588889,35.20800567,local_path_rerun_visual,data\processed\debug_matches\DJI_0011_every45_stage10_3_FINAL_accepted_debug\feature_match_0045_query_005355_ref_DJI_0006_19440_accepted.jpg,data\processed\reference_frames\DJI_0006\DJI_0006_frame_019440.jpg,LightGlue,37,12,1,data\processed\reference_frames\DJI_0006\DJI_0006_frame_019440.jpg,0.2000,0,0
5400,180.180,00:03:00.180,center,32.10577196,35.20760907,32.10577196,35.20760907,data\processed\reference_frames\DJI_0006\DJI_0006_frame_019560.jpg,DJI_0006,19560,652.652,00:10:52.652,0.275923,0.724077,0.2000,94,37,273.398,0.393617,1092.673,315.873,1,2.317716,1,ok,0.032398,0.192383,0.168403,0.055206,0.237305,0.232639,0,1,accepted,5.268523,,5.268523,,,,8739.85,1,accepted,32.10577196,35.20760907,1,32.10577196,35.20760907,seed_anchor,,0,,,seed_anchor_keep_original,32.10577196,35.20760907,seed_anchor_visual,data\processed\debug_matches\DJI_0011_every45_stage10_3_FINAL_accepted_debug\feature_match_0046_query_005400_ref_DJI_0006_19560_accepted.jpg,data\processed\reference_frames\DJI_0006\DJI_0006_frame_019560.jpg,LightGlue,94,37,1,data\processed\reference_frames\DJI_0006\DJI_0006_frame_019560.jpg,0.2000,0,0
5445,181.681,00:03:01.682,center,32.10577196,35.20760907,32.10577196,35.20760907,data\processed\reference_frames\DJI_0006\DJI_0006_frame_019560.jpg,DJI_0006,19560,652.652,00:10:52.652,0.240070,0.759930,0.3000,86,28,391.031,0.325581,1152.613,260.913,1,0.882424,1,ok,0.039213,0.223633,0.175347,0.018687,0.163086,0.114583,0,1,accepted,3.348017,,3.348017,,,,7059.71,1,accepted,32.10577196,35.20760907,1,32.10577196,35.20760907,seed_anchor,,0,,,seed_anchor_keep_original,32.10577196,35.20760907,seed_anchor_visual,data\processed\debug_matches\DJI_0011_every45_stage10_3_FINAL_accepted_debug\feature_match_0047_query_005445_ref_DJI_0006_19560_accepted.jpg,data\processed\reference_frames\DJI_0006\DJI_0006_frame_019560.jpg,LightGlue,86,28,1,data\processed\reference_frames\DJI_0006\DJI_0006_frame_019560.jpg,0.3000,0,0
5490,183.183,00:03:03.183,center,32.10570896,35.20741207,32.10570896,35.20741207,data\processed\reference_frames\DJI_0006\DJI_0006_frame_019620.jpg,DJI_0006,19620,654.654,00:10:54.654,0.260169,0.739831,0.2000,61,19,353.427,0.311475,1189.564,271.808,1,1.659884,1,ok,0.114029,0.465820,0.244792,0.035461,0.243164,0.145833,0,1,accepted,3.124274,,3.124274,,,,6714.48,1,accepted,32.10570896,35.20741207,1,32.10570896,35.20741207,seed_anchor,,0,,,seed_anchor_keep_original,32.10570896,35.20741207,seed_anchor_visual,data\processed\debug_matches\DJI_0011_every45_stage10_3_FINAL_accepted_debug\feature_match_0048_query_005490_ref_DJI_0006_19620_accepted.jpg,data\processed\reference_frames\DJI_0006\DJI_0006_frame_019620.jpg,LightGlue,61,19,1,data\processed\reference_frames\DJI_0006\DJI_0006_frame_019620.jpg,0.2000,0,0
5805,193.694,00:03:13.694,center,32.10626405,35.20587887,32.10626405,35.20587887,data\processed\reference_frames\DJI_0006\DJI_0006_frame_023220.jpg,DJI_0006,23220,774.774,00:12:54.774,0.372255,0.627745,0.3000,70,20,245.955,0.285714,775.051,380.142,1,1.561572,1,ok,0.040212,0.172852,0.232639,0.041245,0.155273,0.265625,0,1,accepted,4.439030,,4.439030,,,,14786.73,0,not_enough_good_matches,32.10484597,35.21176717,0,32.10585034,35.20724919,interpolate_seed_anchors,003,1,17.450727,137.023,local_path_rerun,32.10626405,35.20587887,local_path_rerun_visual,data\processed\debug_matches\DJI_0011_every45_stage10_3_FINAL_accepted_debug\feature_match_0049_query_005805_ref_DJI_0006_23220_accepted.jpg,data\processed\reference_frames\DJI_0006\DJI_0006_frame_023220.jpg,LightGlue,70,20,1,data\processed\reference_frames\DJI_0006\DJI_0006_frame_023220.jpg,0.3000,0,0
6030,201.201,00:03:21.201,center,32.10586027,35.20568619,32.10586027,35.20568619,data\processed\reference_frames\DJI_0007\DJI_0007_frame_000660.jpg,DJI_0007,660,22.022,00:00:22.022,0.351300,0.648700,0.3000,74,24,447.335,0.324324,1176.511,162.282,1,1.016160,1,ok,0.030321,0.256836,0.118055,0.032166,0.181641,0.177083,0,1,accepted,2.253139,,2.253139,,,,17070.60,0,not_enough_good_matches,32.10626405,35.20587887,0,32.10595131,35.20713287,interpolate_seed_anchors,003,1,18.685687,136.638,local_path_rerun,32.10586027,35.20568619,local_path_rerun_visual,data\processed\debug_matches\DJI_0011_every45_stage10_3_FINAL_accepted_debug\feature_match_0050_query_006030_ref_DJI_0007_660_accepted.jpg,data\processed\reference_frames\DJI_0007\DJI_0007_frame_000660.jpg,LightGlue,74,24,1,data\processed\reference_frames\DJI_0007\DJI_0007_frame_000660.jpg,0.3000,0,0
6795,226.727,00:03:46.727,center,32.10629465,35.20673732,32.10629465,35.20673732,data\processed\reference_frames\DJI_0006\DJI_0006_frame_022950.jpg,DJI_0006,22950,765.765,00:12:45.765,0.298376,0.701624,0.3000,52,13,291.438,0.250000,687.497,387.059,1,2.309499,1,ok,0.022066,0.133789,0.164931,0.037842,0.151367,0.250000,0,1,accepted,3.228170,,3.228170,,,,8591.78,1,accepted,32.10629465,35.20673732,1,32.10629465,35.20673732,seed_anchor,,0,,,seed_anchor_keep_original,32.10629465,35.20673732,seed_anchor_visual,data\processed\debug_matches\DJI_0011_every45_stage10_3_FINAL_accepted_debug\feature_match_0051_query_006795_ref_DJI_0006_22950_accepted.jpg,data\processed\reference_frames\DJI_0006\DJI_0006_frame_022950.jpg,LightGlue,52,13,1,data\processed\reference_frames\DJI_0006\DJI_0006_frame_022950.jpg,0.3000,0,0
7380,246.246,00:04:06.246,center,32.10512926,35.20643305,32.10512926,35.20643305,data\processed\reference_frames\DJI_0006\DJI_0006_frame_021900.jpg,DJI_0006,21900,730.730,00:12:10.730,0.280022,0.719978,0.3000,189,51,285.058,0.269841,834.263,347.641,1,1.110557,1,ok,0.031537,0.204102,0.154514,0.026403,0.174805,0.151042,0,1,accepted,5.698894,,5.698894,,,,7788.30,1,accepted,32.10512926,35.20643305,1,32.10512926,35.20643305,seed_anchor,,0,,,seed_anchor_keep_original,32.10512926,35.20643305,seed_anchor_visual,data\processed\debug_matches\DJI_0011_every45_stage10_3_FINAL_accepted_debug\feature_match_0052_query_007380_ref_DJI_0006_21900_accepted.jpg,data\processed\reference_frames\DJI_0006\DJI_0006_frame_021900.jpg,LightGlue,189,51,1,data\processed\reference_frames\DJI_0006\DJI_0006_frame_021900.jpg,0.3000,0,0
9765,325.826,00:05:25.826,center,32.10523054,35.20290631,32.10523054,35.20290631,data\processed\reference_frames\DJI_0008\DJI_0008_frame_004950.jpg,DJI_0008,4950,165.165,00:02:45.165,0.267305,0.732695,0.3000,29,12,583.336,0.413793,514.195,155.175,1,0.177382,1,ok,0.009808,0.086914,0.112847,0.010135,0.095703,0.105903,0,1,accepted,-0.537774,,-0.537774,,,,10575.47,1,accepted,32.10523054,35.20290631,1,32.10523054,35.20290631,seed_anchor,,0,,,seed_anchor_keep_original,32.10523054,35.20290631,seed_anchor_visual,data\processed\debug_matches\DJI_0011_every45_stage10_3_FINAL_accepted_debug\feature_match_0053_query_009765_ref_DJI_0008_4950_accepted.jpg,data\processed\reference_frames\DJI_0008\DJI_0008_frame_004950.jpg,LightGlue,29,12,1,data\processed\reference_frames\DJI_0008\DJI_0008_frame_004950.jpg,0.3000,0,0
10035,334.834,00:05:34.834,center,32.10359144,35.20446852,32.10359144,35.20446852,data\processed\reference_frames\DJI_0008\DJI_0008_frame_022320.jpg,DJI_0008,22320,744.744,00:12:24.744,0.246845,0.753155,0.3000,48,12,551.385,0.250000,507.165,187.119,1,1.346515,1,ok,0.007012,0.091797,0.076389,0.019328,0.146484,0.131944,0,1,accepted,-0.099845,,-0.099845,,,,8730.68,1,accepted,32.10359144,35.20446852,1,32.10359144,35.20446852,seed_anchor,,0,,,seed_anchor_keep_original,32.10359144,35.20446852,seed_anchor_visual,data\processed\debug_matches\DJI_0011_every45_stage10_3_FINAL_accepted_debug\feature_match_0054_query_010035_ref_DJI_0008_22320_accepted.jpg,data\processed\reference_frames\DJI_0008\DJI_0008_frame_022320.jpg,LightGlue,48,12,1,data\processed\reference_frames\DJI_0008\DJI_0008_frame_022320.jpg,0.3000,0,0
10080,336.336,00:05:36.336,center,32.10329470,35.20444718,32.10329470,35.20444718,data\processed\reference_frames\DJI_0008\DJI_0008_frame_004110.jpg,DJI_0008,4110,137.137,00:02:17.137,0.281777,0.718223,0.3000,53,14,413.926,0.264151,806.786,229.842,1,0.486492,1,ok,0.006866,0.073242,0.093750,0.019572,0.108398,0.180556,0,1,accepted,1.834576,,1.834576,,,,17736.40,0,not_enough_good_matches,32.10369710,35.20384995,0,32.10359144,35.20446852,hold_previous_seed,006,1,15.107201,33.057,local_path_rerun,32.10329470,35.20444718,local_path_rerun_visual,data\processed\debug_matches\DJI_0011_every45_stage10_3_FINAL_accepted_debug\feature_match_0055_query_010080_ref_DJI_0008_4110_accepted.jpg,data\processed\reference_frames\DJI_0008\DJI_0008_frame_004110.jpg,LightGlue,53,14,1,data\processed\reference_frames\DJI_0008\DJI_0008_frame_004110.jpg,0.3000,0,0
10170,339.339,00:05:39.339,center,32.10329519,35.20451085,32.10329519,35.20451085,data\processed\reference_frames\DJI_0006\DJI_0006_frame_024720.jpg,DJI_0006,24720,824.824,00:13:44.824,0.287104,0.712896,0.3000,41,11,451.812,0.268293,662.569,243.336,1,3.839277,1,ok,0.009047,0.089844,0.100694,0.022207,0.115234,0.192708,0,1,accepted,0.945971,,0.945971,,,,15256.55,0,not_enough_good_matches,32.10523054,35.20290631,0,32.10359144,35.20446852,hold_previous_seed,006,1,13.617257,33.182,local_path_rerun,32.10329519,35.20451085,local_path_rerun_visual,data\processed\debug_matches\DJI_0011_every45_stage10_3_FINAL_accepted_debug\feature_match_0056_query_010170_ref_DJI_0006_24720_accepted.jpg,data\processed\reference_frames\DJI_0006\DJI_0006_frame_024720.jpg,LightGlue,41,11,1,data\processed\reference_frames\DJI_0006\DJI_0006_frame_024720.jpg,0.3000,0,0
